年度,月份,平／假日,班次,總座位數,總搭乘人數,搭乘率
115,1,平日,1232,23408,29064,124.16%
115,1,假日,504,9576,11059,115.49%
115,2,平日,1120,21280,32980,154.98%
115,2,假日,448,8512,11135,130.82%
115,3,平日,1232,23408,37372,159.65%
115,3,假日,504,9576,14503,151.45%
115,4,平日,1232,23408,35836,153.09%
115,4,假日,448,8512,12682,148.99%
115,5,平日,1176,22344,34542,154.59%
115,5,假日,560,10640,16921,159.03%
115,6,平日,1232,23408,32287,137.93%
115,6,假日,448,8512,10694,125.63%
115,7,平日,1288,24472,34258,139.99%
115,7,假日,448,8512,10968,128.85%
115,8,平日,1176,22344,31283,140.01%
115,8,假日,560,10640,12886,121.11%
