路線名稱,方向性,站序,站牌名稱,緯度,經度
北投竹子湖線,去程,1,捷運北投站,25.132265,121.49798
北投竹子湖線,去程,2,北投溫泉博物館、梅庭、地熱谷(北投公園),25.136524,121.504321
北投竹子湖線,去程,3,硫磺谷(彌陀寺),25.143751,121.521459
北投竹子湖線,去程,4,陽明公園、花鐘(陽明公園服務中心),25.156659,121.53975
北投竹子湖線,去程,5,草山行館(陽明山立體停車場),25.154632,121.539109
北投竹子湖線,去程,6,公車轉乘站(陽明山),25.152315,121.547352
北投竹子湖線,去程,7,陽明山國家公園遊客中心(陽明山國家公園管理處),25.155537,121.545955
北投竹子湖線,去程,8,陽明書屋,25.163071,121.544852
北投竹子湖線,去程,9,竹子湖,25.172625,121.533392
北投竹子湖線,回程,1,竹子湖,25.172625,121.533392
北投竹子湖線,回程,2,陽明書屋,25.163071,121.544852
北投竹子湖線,回程,3,陽明山國家公園遊客中心(陽明山國家公園管理處),25.155537,121.545955
北投竹子湖線,回程,4,公車轉乘站(陽明山),25.152315,121.547352
北投竹子湖線,回程,5,草山行館(陽明山立體停車場),25.154632,121.539109
北投竹子湖線,回程,6,陽明公園、花鐘(陽明公園服務中心),25.156659,121.53975
北投竹子湖線,回程,7,硫磺谷(彌陀寺),25.143751,121.521459
北投竹子湖線,回程,8,北投溫泉博物館、梅庭、地熱谷(北投公園),25.136524,121.504321
北投竹子湖線,回程,9,捷運北投站,25.132265,121.49798
